SKU,SKU Description,Last Buying Price,Image Link,Links
BM9N8G6,BULK MRO APPROVED Industrial Grade Android Based Data Logger,70000,,
BM9N7S2,BULK MRO APPROVED Truspeed SXB with Adaptor,212990,https://www.cinemometre.fr/35-home_default/truspeed-se-nouveau-cinemometre-laser.jpg,
BM00008,Freight,300,,
BM9S7Z7,"SAFLOW Garden Seating Bench, Colour Green, Size 5 ft - BCP-8",13800,,
BM9U1R2,"Horizontal Centrifugal Pump,FlowM3/hr-50, Head Mtr - 20.00, MOC Casing/Impeller - SS 316/SS 316, BKW - 4.13, Motor KW - 5.5, Pump RPM - 2900, Motor Type - IE2/NFLP, Efficiency % - 66.",250970,https://5.imimg.com/data5/AL/IU/MY-43394388/industrial-electrical-pump-500x500.jpg,
BM9R6G5,"Horizontal Centrifugal Pump,FlowM3/hr-100, Head Mtr - 35.00, MOC Casing/Impeller - SS 316/SS 316, BKW - 14.34, Motor KW - 18.50, Pump RPM - 2900, Motor Type - IE2/NFLP, Efficiency % - 66.50.",374730,https://5.imimg.com/data5/AL/IU/MY-43394388/industrial-electrical-pump-500x500.jpg,
BM9V6U8,CAMC of Ductable (0-4 years),1800,,
BM9U3Q1,,2400,,
BM9V6F9,CAMC of Split AC (Non-Inverter) (0-4 years),1800,,
BM9Z5L6,CAMC of Window AC (0-4 Years),1800,,
BM9P6G8,DEWALT Heavy Duty Work Support Stand - DE7035-XJ,13358.76,https://images-na.ssl-images-amazon.com/images/I/511055pyu3L._SY450_.jpg,
BM9P6V3,"Anti Skid tape – Black , Size - 2” X 60’ Roll",2140,https://images-eu.ssl-images-amazon.com/images/I/61ODc6QEG6L._SX342_QL70_.jpg,
BM9Z2F7,"Barricading Tape, Size - 3\"" X 250 Mtr Roll",260,https://5.imimg.com/data5/UR/PE/MY-1624127/safety-ribbon-500x500.jpg,
BM9E1G7,"Anti Skid tape – Yellow and Black, Size - 2” X 60’ Roll",2172.5,https://5.imimg.com/data5/RI/HU/MY-9131067/anti-skid-tape-500x500.jpg,
BM9P5W2,HONEYWELL Multi Gas Detector - Max XT II,48500,https://3.imimg.com/data3/JP/BA/MY-2179575/gasalertmax-xt-ii-500x500.jpg,
BM9R4Y1,TROLLEY,8238.63,,
BM9U6B2,"MONOBLOC PUMP AND MOTOR, Single Stage, High Speed, Horizontal, Centrifugal, and Selfpriming Coupled set Pump. ( 2800 RPM , Three Phase)",17213.63,https://5.imimg.com/data5/SQ/LR/MY-54893898/centrifugal-monoblock-pump-500x500.jpg,
BM9Q6I8,EMCO Vascular Doppler - D580,12000,http://emcomeditek.com/img/popup/largeimg/Vascular-Doppler-D580.jpg,
BM9Y3R5,,165178.57,,
BM9R4D7,BPL Foetal Doppler - FD 9713N,4910.71,http://www.colmed.in/media/catalog/product/cache/1/image/9df78eab33525d08d6e5fb8d27136e95/f/d/fd9713n-_dp.jpg,
BM9S0Y9,UNILAMP Anchor Bolt Kit - 9-2023-00,64994,https://encrypted-tbn0.gstatic.com/images?q=tbn:ANd9GcTHQ1DO7bzerGTUfDLs2V8b6oKp8kjX7EdF9YNxup1VDV5dOq4t,
BM9E8I2,"UNILAMP Galvanized Steel Pole, Dia 102 mm - 9-1008-05",6523,https://markprolighting.com/wp-content/uploads/2016/02/Galvanized-Steel-Pole-dia-102mm-S76.jpg,
BM9H8S4,"BULK MRO APPROVED Non Dimmable Led Driver, Watts 60W",1287,http://www.armacostlighting.com/store/wp-content/uploads/2017/04/60W-Universal-Dimming-LED-Driver-MD60W12VA-no-AC-cord_high-res.jpg,
BM9V7P6,"DELTALIGHT LED Strip FLEX OUT 930, Length 5 Mtr, Nett Weight 0.3 Kg, DC Voltage 24V - 300 92 62 93",1482,https://media.dmlights.co.uk/medias/deltalight-accessoires-deltalight-ledstrip-50-fp-hw-dl-300920013fp-product-product-normal?context=bWFzdGVyfHJvb3R8MTMwNzR8aW1hZ2UvanBlZ3xoYzkvaDE2LzEwNjM5ODY2ODIyNjg2LmpwZ3wxMGUwMTMzOTYyYmRmMjhlY2ViY2QzZDM3YWJiOGM3NDY4ZWNjY2Y5YmM4ODA3NjdjNTU1OGFhYjQzZjYzNjIy,
BM9Y1P3,"UNILAMP Maranello Pole Top Light, Watts 70W, Kelvin 4000K, Lummen 9950 lm - 7222-0-3-906-XX",74103,https://unilamp.co.th/website/Forms/Handler.ashx?IM=78884.jpg,
BM9V7V2,BULK MRO APPROVED Mounting Channel with Cover,300,https://images-na.ssl-images-amazon.com/images/I/315MzWukCbL._SX342_.jpg,
BM9M9V9,"Fingerprint Padlock- Dimension: 77*37.5*15mm Weight: 83g Color: Black, Silver, Golden, Pink Material",1821.8,https://www.dhresource.com/0x0s/f2-albu-g6-M00-A1-C7-rBVaR1ux8mKASj8RAAHFBIyQveY969.jpg/smart-fingerprint-lock-with-high-tech-super.jpg,
BM9P6C9,"Loudspeaker, Nx Audio -Tehno12-I with 1 Wireless Mic and 1 Wired Mic Input",5450,http://nxaudio.com/images/products/uhf200hh.jpg,
BM9P5R2,"BULK MRO APPROVED H Corner Protection, Type H+",2093.4,https://www.americanpermalight.shop/media/82-0436-corner-protection-type-h-plus-steel.jpg,
BM9M6O1,"JJC Circular Polarizer Filter for Canon Lens, Size 77 mm",1864.41,https://images-na.ssl-images-amazon.com/images/I/51%2Bcueh42TL._SY355_.jpg,
BM9Q1L0,"JJC Variable ND Filter for Canon Lens, Size 52 mm",2330.51,https://images-na.ssl-images-amazon.com/images/I/51--STTkADL._SX466_.jpg,
BM9H8T4,"VANGUARD Aluminum Monopod with PH-113V Two Way Pan Head, Colour Black - VEO AM-264TV",7627.12,https://www.bhphotovideo.com/images/images1000x1000/vanguard_veo_am_264tv_aluminum_monopod_1222745.jpg,
BM9C3P0,"SIMPEX Pro25 Heavy DutyTripod, Capacity up to 14 Kg",5932.2,https://rukminim1.flixcart.com/image/832/832/tripod/g/v/f/simpex-880-original-imadjjnhsjz5kugj.jpeg?q=70,
BM9R9V9,BOYA Collar Microphone for Camera and Mobile,1186.44,https://images-na.ssl-images-amazon.com/images/I/81pIHyCGPML._SX466_.jpg,
BM9J0H2,"RODE Compact Directional On-Camera Microphone, Grey and Black - VMPRPLUS",20338.98,https://images-na.ssl-images-amazon.com/images/I/81biA-3t-WL._SX425_.jpg,
BM9C6N6,"SANDISK Ultra Micro SDXC Memory Card, Class 10, Memory Storage Capacity 128 GB",3389.83,https://www.bhphotovideo.com/images/images2000x2000/sandisk_sdsqunc_128g_an6ia_ultra_micro_sd_card_1174739.jpg,
BM9S7O3,"PANASONIC Battery, Height 2\ Width 2\"" - DMW-BLF19""",2957.63,https://www.bhphotovideo.com/images/images2500x2500/Panasonic_DMW_BLF19_Battery_Pack_For_902115.jpg,
BM9Y7Z1,VILTROX Micro Four Third to Canon EFS Adaptor,8898.31,https://i.ebayimg.com/images/g/ix0AAOSw88xaTgDs/s-l300.jpg,
BM9Q2X4,CANON EF70-300mm f/4-5.6L IS USM Lens,74576.27,https://www.bhphotovideo.com/images/images2000x2000/Canon_4426B002_EF_70_300mm_f_4_5_6L_IS_732106.jpg,
BM9S7V4,PANASONIC 20.3 Mega Pixel Panasonic LUMIX GH5 4K Mirrorless Camera with Lecia Vario-Elmarit 12-60 mm F2.8-4.0 Lens - DC-GH5K,128515.6,https://i1.adis.ws/i/pcec/DC-GH5LK_ALT01?$PDP-Hero-Image-Desktop$,
BM9P7J4,NOCTURNA-SENTINEL ULTRA Hand Held Night Vision System,44062,https://images-na.ssl-images-amazon.com/images/I/71sB9EBChLL._SY606_.jpg,
BM9Y8G5,"LUKER Neon LED Strip Connector, Voltage 220V - LSOC2835",123.75,https://c.76.my/Malaysia/rgb-led-strip-connector-tensen-1804-08-F868657_1.jpg,
BM9C9O3,"LUKER Neon LED Flexible Strip Outdoor Light, Voltage 220V, Colour Red/Green/Pink - LSO2835",15950,https://mobileimages.lowes.com/product/converted/755284/755284015492.jpg,
BM9Q9Z2,"LUKER Neon LED Flexible Strip Outdoor Light, Voltage 220V, Colour White/Warm White/Blue - LSO2835",270.4,https://mobileimages.lowes.com/product/converted/755284/755284015492.jpg,
BM9Y8D9,"BULK MRO APPROVED 2\"" Plain Type PVC Ball Valve",126,http://static6.industrybuying.com/products_medium/plumbing/cpvc-pipes-fittings/valve/PL.CP.BA.1456016.jpg,
BM9I1Z4,"BULK MRO APPROVED 2” Electrically Actuated PVC Solenoid Valve, Voltage 230V",3500,https://tameson.com/30611-lager_auido_default/221864-solenoid-valve-2-2-way-1-1-2-inch-brass-nbr-0p2-16bar-230vac.jpg,
BM9T9E8,"J Hook , 50 mm , length - 4 inch with nut bolt and rubber washer, threading - 1.5 inch",15,https://4.imimg.com/data4/IR/VT/MY-1366127/j-hook-250x250.jpg,
BM9Y1R8,"PVC PIPE 2\ 4KG PRESSURE""",636,https://images.homedepot-static.com/productImages/4301d283-4b08-49a5-8b23-365987cd0c95/svn/pvc-schedule-40-pipe-sch4050-64_1000.jpg,
BM9S7U3,"TRANSPERENT POLYTHENE, 2MX 20M long(Quantity - 20Nos)",150,https://images-na.ssl-images-amazon.com/images/I/51aXQ7rbbjL._SY355_.jpg,
BM9Z4C8,"WATERPROOF TARPAULINS, BLUE, 2MX 20M long(Quantity - 30Nos)",5,https://4.imimg.com/data4/SU/JT/MY-5923564/waterproof-tarpaulins-500x500.jpg,
BM9Z6B2,"MS FLANGES, D TABLE, 2.5\""-OD-181.5MM, ID-62.6MM, PCD-143.9MM, THIKNESS-20MM",495,https://4.imimg.com/data4/BX/AB/MY-3582347/ms-flange-250x250.jpg,
BM9V1K4,"MS FLANGES, D TABLE, 3\""- OD-200MM, ID-75MM,PCD-165MM, THIKNESS-20MM",500,https://4.imimg.com/data4/BX/AB/MY-3582347/ms-flange-250x250.jpg,
BM9Z4K8,"BULK MRO APPROVED 1.1/4\"" Revolving Castor Wheel, Material Fiber, Width 4 X 32 mm",410,https://4.imimg.com/data4/QT/WF/MY-2534186/revolving-type-steel-castor-wheel-500x500.jpg,
BM9Y6H4,"BULK MRO APPROVED 1.1/4\"" Fix Castor Wheel, Material Fiber, Size 4 X 32 mm",383,http://www.castormart.ie/admin/images/Fixed_castor_100mm_wheel_diameter_upto_180kg_capacity_72704.jpeg,
BM9R2F8,"BULK MRO APPROVED PVC Elbow, Size 3\"", """,126,https://images.homedepot-static.com/productImages/8c35cf3e-1ab5-415e-9422-8caf460e3452/svn/nds-elbows-41p0-64_1000.jpg,
BM9Q9Y2,"BULK MRO APPROVED PVC Flange, Size 3\"", """,435,https://5.imimg.com/data5/VV/AB/MY-7879288/pvc-flange-500x500.jpg,
BM9T8Y7,"BULK MRO APPROVED PVC Pipe, Size 3\"", """,1176,https://images-na.ssl-images-amazon.com/images/I/31CgyAVEePL._SX342_.jpg,
BM9T8C6,"L&T DOL STARTER,#MK1 FOR 2HP AND 5HP MOTOR",1340,http://static6.industrybuying.com/products_medium/motors-power-transmission/motor-starter/MO.MO1.563353.jpg,
BM9B1V3,500 ml spray bottle heavy duty cleaner,600,https://www.janitorialdirect.co.uk/media/product/34d/trigger-spray-bottle-750ml-4d0.jpg,
BM0K9T2,Caustic soda Flackes - 50kg bag,44,https://3.imimg.com/data3/JS/NC/MY-3598598/caustic-soda-flakes-250x250.jpg,
BM9B4X2,"SONY Cybershot Digital Camera, Max. Resolution 18.2 MP, Body Colour Black - DSC-WX220/B",11148.44,https://images-na.ssl-images-amazon.com/images/I/61%2BjOpykV7L._SX425_.jpg,
BM9Q2E6,Crompton Greaves fans High Flo Wave - White,1504.237288,https://n3.sdlcdn.com/imgs/a/t/v/Crompton-Greaves-16-Hiflow-Pedestal-SDL007337233-1-ed337.jpg,
BM9X0K7,Bulk MRO APPROVED Shoe Cover,3.5,https://www.rsea.com.au/images/ProductImages/432062.jpg,
BM9P0R0,BULK MRO APPROVED Shoe Dispenser,6500,https://3.imimg.com/data3/MM/XG/MY-745685/shoe-cover-dispenser-250x250.jpg,
BM9Q2T2,RATTAN WEAVE CHAIR - FURACH0008679,38211.86,https://cdn.shopify.com/s/files/1/0726/3305/products/natural-weave-butterfly-chair_1_copy_800x.jpg?v=1532460763,
BM1D1J5,GROZ Continuous Duty Electric Diesel Pump - CDP/220/EU,9738.18,http://www.groz-tools.com/Pix/CDP%20WITH%20MARKING.jpg,
BM9P8X6,"Aluminium Profile Patti 1/2\""(20mm) with PVC cover & Selecon Dubble Gun and Tape",160,https://www.dhresource.com/0x0s/f2-albu-g5-M01-38-95-rBVaJFl5-uGAZ-wuAAIv6p_ZrqY191.jpg/led-aluminium-profile-1m-per-piece-led-aluminum.jpg,
BM9R1R4,"Marble Cleaninh and profile patti fitting,strip light fixing and connection with labour chargers",65,,
BM9N4E8,BULK MRO APPROVED Venom Defender Snake Chap,0,https://snakeprofessional.com/images/detailed/0/snake-protection-chaps-3.jpg,
BM9P2D5,GMP MR-12 LAMINATION MACHINE,16700,https://rukminim1.flixcart.com/image/832/832/lamination-machine/k/f/g/mr-12-gmp-original-imae5myjvzvkvepw.jpeg?q=70,
BM9P5S3,BULK MRO APPROVED Under Vehicle Search Mirror,3400,https://5.imimg.com/data5/CS/ML/MY-454908/under-vehicle-search-mirror-500x500.jpg,
BM9N6X5,"JIFFY Pro-Line Garment Steamer, Voltage 120V - J-4000",28566.67,https://jiffysteamer.com/media/catalog/product/cache/1/image/540x/040ec09b1e35df139433887a97daa66f/j/-/j-4000_grey_1.jpg,
BM9N2B7,"BULK MRO APPROVED Megaphone, Power 20W, Size 200 X 325 mm, Material Fresh ABS, Dry Cell 6 X 1.5V, 30",1659.32,http://www.completerentallsorillia.com/events/wp-content/uploads/sites/3/2016/06/52725-watt-megaphone.jpg,
BM9N2F1,"BULK MRO APPROVED Megaphone, Power 25W, Size 230 X 350 mm, Material Fresh ABS, Dry Cell 8 X 1.5V",2301.69,http://www.completerentallsorillia.com/events/wp-content/uploads/sites/3/2016/06/52725-watt-megaphone.jpg,
BM9N2B4,"AHUJA PA Megaphone, Watt 20W, Horn Dia 220 mm, Length 370 mm - AM-21SM",2616.95,http://ahujaradios.com//images/UploadedImages/thumbs/0010804_ahuja-pa-megaphone-AM-21SM.png,
BM9N2Y5,"KORES Easy Cut Paper Shredder, Bin Capacity 15.9 Ltr -",832,https://5.imimg.com/data5/OE/PE/MY-22735246/kores-easy-cut-832-500x500.jpg,
,,,,
Reliance Corporate IT Park Ltd.,,,,
BM9H7Y3,3M Intrinsically Safe Advanced Cable Free Noise Dosimeter with Dual Dosimeter Data Channels and Full Data Logging - EDGE 5D,292545,https://www.google.com/url?sa=i&source=images&cd=&cad=rja&uact=8&ved=2ahUKEwiGx8LuiKffAhVJbn0KHe11DmQQjRx6BAgBEAU&url=https%3A%2F%2Fenviromed.ca%2Findex.php%3Fid_product%3D654%26controller%3Dproduct&psig=AOvVaw2NHEK1Yhj7DqcAykobqbcc&ust=1545143106718397,
BM9I2D7,"EXTECH Color LED Light Meter, Sampling Rate 2.5 Times Per Second - LT45",22040,https://www.google.com/url?sa=i&source=images&cd=&cad=rja&uact=8&ved=2ahUKEwiI1-KciaffAhUOSX0KHWa3DP0QjRx6BAgBEAU&url=https%3A%2F%2Fwww.homedepot.com%2Fp%2FExtech-Instruments-Pocket-Light-Meter-LT10%2F207145671&psig=AOvVaw0gSsAmCOlq5IErUU5xINr0&ust=1545143173894014,
BM9Z2I2,"GRAYWOLF DirectSense IAQ 10\"" Tablet Standard Indoor Air Quality Survey & Monitoring Kit with DirectSense II Probe",25800,https://www.google.com/url?sa=i&source=images&cd=&cad=rja&uact=8&ved=2ahUKEwilkOuyiaffAhWWUn0KHZDeCAkQjRx6BAgBEAU&url=https%3A%2F%2Fgraywolfsensing.com%2Fiaq%2F&psig=AOvVaw07gp8f2-Q25n1TfG3-riLR&ust=1545143275707973,
BM9F7F0,"MESALABS Primary Standard Calibrator, Flow Range 50 to 5000 ml/min- 510",203040,https://www.google.com/url?sa=i&source=images&cd=&cad=rja&uact=8&ved=2ahUKEwiphru-iaffAhUUeisKHUuYBCEQjRx6BAgBEAU&url=https%3A%2F%2Fsmglink.com%2Fproduct%2Fdrycal-defender-510%2F&psig=AOvVaw1FRT7vhJ6schnEiYjclRd1&ust=1545143299664535,
BM9G0F6,"SKC Aircheck Touch Sampler, Model - Aircheck TOUCH Part. No: 220-5000TC-KD",175160,https://www.google.com/url?sa=i&source=images&cd=&cad=rja&uact=8&ved=2ahUKEwjUk47MiaffAhVNeysKHS4nBNgQjRx6BAgBEAU&url=https%3A%2F%2Fwww.skcinc.com%2Fcatalog%2Fproduct_info.php%3Fproducts_id%3D2337&psig=AOvVaw34B70AGFSbY6CowtMSqHVe&ust=1545143328460113,
BM9Z6Y9,"LUM, LED DOWN LIGHT",0,,
BM9V6W3,"LUM, LED DOWNLIGHT",0,,
BM9T7A2,"LUM, LED DOWN LIGHT",0,,
BM9X2B6,"DRIVER,LED;MM:OT FIT 50/220-240/800 CS",0,,
BM9Y7M5,ELEMENT,0,,
BM9Y8G7,LED DRIVER,0,,
BM9W3H8,DRIVER,0,,
BM9X8G2,LED DRIVER,0,,
BM9Q2D8,"Model - Ninja Pastel Plain, FF NINJA PLAIN L BLACK Helmet , Colour- Black",793.5,https://images-na.ssl-images-amazon.com/images/I/41HtC1av97L.jpg,
BM9K4G5,tranportation,2000,https://www.nesdis.noaa.gov/sites/default/files/assets/images/transportation.jpg,
BM9X4T4,"ARMSTRONG ANF Microlook Acoustic Tile, Size 600 X 600 X 15 mm",51,https://www.ceilingtilesuk.co.uk/711-thickbox_default/armstrong-ultima-microlook-7674-600-x-600mm-reveal-edge-15mm-grid-ceiling-tiles.jpg,
BM9O9T8,"HAGER 3 Pole Miniature Circuit Breaker for Health Club Building APFC Panel, Current 32 Amp",508,https://i.ebayimg.com/images/g/kFIAAOSwls5Y8CUw/s-l1600.jpg,
BM9X3G5,"L & T Heavy Duty Capacitor for Health Club Building APFC Panel, Rating 10 Kvar",2050,http://www.larsentoubro.com/media/29119/level3_ltxl-ultra-heavy-duty-capacitors.jpg,
BM9U5H4,"L & T Heavy Duty Capacitor for Health Club Building APFC Panel, Rating 25 Kvar",5125,http://www.larsentoubro.com/media/29119/level3_ltxl-ultra-heavy-duty-capacitors.jpg,
BM9Q6P0,"L & T Heavy Duty Capacitor for Health Club Building APFC Panel, Rating 5 Kvar",1025,http://www.larsentoubro.com/media/29119/level3_ltxl-ultra-heavy-duty-capacitors.jpg,
BM9G0P5,"L & T Capacitor Duty Contactor, Health Club Building APFC Panel, Rating 20 Kvar",1972,http://www.larsentoubro.com/media/29119/level3_ltxl-ultra-heavy-duty-capacitors.jpg,
BM9V7R1,"BULK MRO APPROVED Fuse with Base, Current 4A",183,https://ae01.alicdn.com/kf/HTB1jolbIFXXXXb6XpXXq6xXFXXXT/5PCS-miro-hot-fuse-NH00-size00-Low-Voltage-Fuse-links-Quality-assurance-AC500V-690V50A.jpg_640x640.jpg,
BM9C3Z0M,"L & T Capacitor Duty Contactor for Panel Room APFC Panel, Rating 25 kvar",2238,,
BM9G0I0,"L & T Heavy Duty capacitor for Panel Room APFC Panel, Rating 15 kvar",3075,,
BM9Y0P4,"L & T Heavy Duty Capacitor for Panel Room APFC Panel, Rating 25 kvar",5125,,
BM9T9G8,"L & T Capacitor Duty Contactor for Panel Room APFC Panel, Rating 30 kvar",3419,,
BM9P7J4,NOCTURNA-SENTINEL ULTRA Hand Held Night Vision System,44062,https://cdn.officer.com/files/base/cygnus/ofcr/image/2018/02/640w/sentinel_1_600x540.5a7b62e817d42.jpg,
BM9Q3H3,"BARSKA NVX Night Vision NVX200 Infrared Illuminator Digital Binoculars, Black",32999,https://images-na.ssl-images-amazon.com/images/I/91VwFR-bVGL._SL1500_.jpg,
BM9M6O1,"JJC Circular Polarizer Filter for Canon Lens, Size 77 mm",1864.41,https://i.ebayimg.com/images/g/0HQAAOSw3YNXZN87/s-l1600.jpg,
BM9Q1L0,"JJC Variable ND Filter for Canon Lens, Size 52 mm",2330.51,,
BM9H8T4,"VANGUARD Aluminum Monopod with PH-113V Two Way Pan Head, Colour Black - VEO AM-264TV",7627.12,,
BM9C3P0,"SIMPEX Pro25 Heavy DutyTripod, Capacity up to 14 Kg",5932.2,,
BM9R9V9,BOYA Collar Microphone for Camera and Mobile,1186.44,,
BM9J0H2,"RODE Compact Directional On-Camera Microphone, Grey and Black - VMPRPLUS",20338.98,,
BM9C6N6,"SANDISK Ultra Micro SDXC Memory Card, Class 10, Memory Storage Capacity 128 GB",3389.83,,
BM9S7O3,"PANASONIC Battery, Height 2 Width 2 DMW-BLF19""",2957.63,,
BM9Y7Z1,VILTROX Micro Four Third to Canon EFS Adaptor,8898.31,,
BM9Q2X4,CANON EF70-300mm f/4-5.6L IS USM Lens,74576.27,,
BM9S7V4,PANASONIC 20.3 Mega Pixel Panasonic LUMIX GH5 4K Mirrorless Camera with Lecia Vario-Elmarit 12-60 mm F2.8-4.0 Lens - DC-GH5K,128515.6,,
BM9L8S2,software,104500,,
BM9U8W0,"TITMUS Vision Screener Occupational Model, Operate Control Panel - V4",441750,https://www.honeywellsafety.com/assets/0/324/774/782/a3fb6a50-e9db-42e2-8603-a459ef956472.jpg,
BM9X4D9,LED Garden UP Lighter 34 Watts1) Repairing2) Base should make stainless steel3) Two years warrenty,3800,https://images.homedepot-static.com/productImages/f9f4f081-6578-419b-8aad-73656d1be071/svn/black-gama-sonic-post-lighting-gs-106fpw-b-64_1000.jpg,
BM9V6E7,LED Garden Uplighter 34 watts (NEW)1) Aluminum Housing2) Stainless steel base3) Cree LED4) Fullham Driver5) Two years warrenty,7200,,
BM9T1Y7,LED garden uplighter 24 Watts1) Repairing 2) Base should make Stainless steel3) Two years warranty,3400,https://images-na.ssl-images-amazon.com/images/I/71nW7bPUQhL._SL1500_.jpg,
BM9Y4A9,LED Garden uplighter 24 Watts( NEW)1) Aluminum housing 2) Stainless steel Base3) Cree led 4) Fullham driver5) Two years warranty,6700,https://images-na.ssl-images-amazon.com/images/I/71nW7bPUQhL._SL1500_.jpg,
BM9S4E9,LED under water Fountain light15 watts with RGB IP 68SS Finish Two years warranty,8900,https://images-na.ssl-images-amazon.com/images/I/51MY2Yz9oxL._SL1500_.jpg,
BM9S6D9,"BULK MRO APPROVED LED Under Water Fountain Light, Power 15W, Colour Red/Green/Blue, Warranty 2 Year",5600,https://www.dhresource.com/webp/m/0x0s/f2-albu-g1-M01-87-23-rBVaGFUskhyAZDVVAAIMPF_oyJ0837.jpg/3w-6w-lawn-garden-light-led-outdoor-lighting-12v-110v-220v-waterproof-spotlights-warm-white-cold-white-red-yellow-blue-green-lamp-color.jpg,
BM9X1X1,"WELCH ALLYN Integrated Aneroid Sphygmomanometer, Width 7.62 cm, Height 15.24 cm, Depth 5.08 cm - DS44",3300,https://www.welchallyn.com/content/dam/welchallyn/images/Product-Images/Blood-Pressure-Measurement/Sphygmomanometers/Durashock-Bronze-Series-Sphygmomanometers/Bronze-Series-DS44-Integrated-Aneroids/DS44-11BR.jpg,
BM9Q9Z2,"LUKER Neon LED Flexible Strip Outdoor Light, Voltage 220V, Colour White/Warm White/Blue - LSO2835",270.4,http://www.lukerindia.com/images/led-strip-lights.jpg,
BM9I1Z4,"BULK MRO APPROVED 2” Electrically Actuated PVC Solenoid Valve, Voltage 230V",3500,http://store.rainbird.com/media/catalog/product/cache/1/image/9df78eab33525d08d6e5fb8d27136e95/1/0/100-hv-mb.jpg,
BM9Z4K8,"BULK MRO APPROVED 1.1/4\"" Revolving Castor Wheel, Material Fiber, Width 4 X 32 mm",410,https://5.imimg.com/data5/KS/WX/MY-1073364/wheel-caster-500x500.jpg,
BM9Z6B2,"MS FLANGES, D TABLE, 2.5\""-OD-181.5MM, ID-62.6MM, PCD-143.9MM, THIKNESS-20MM",495,https://4.imimg.com/data4/BP/XF/MY-14815144/table-d-ms-flange-500x500.jpg,
BM9V1K4,"MS FLANGES, D TABLE, 3\""- OD-200MM, ID-75MM,PCD-165MM, THIKNESS-20MM",500,https://4.imimg.com/data4/BP/XF/MY-14815144/table-d-ms-flange-500x500.jpg,
BM9B1V3,500 ml spray bottle heavy duty cleaner,600,https://images-na.ssl-images-amazon.com/images/I/71qUElw0q4L._SL1500_.jpg,
BM0K9T2,Caustic soda Flackes - 50kg bag,44,https://5.imimg.com/data5/AJ/SQ/MY-2310756/caustic-soda-powder-500x500.jpg,
BM9Q2E6,Crompton Greaves fans High Flo Wave - White,1504.237,https://n3.sdlcdn.com/imgs/a/t/v/Crompton-Greaves-16-Hiflow-Pedestal-SDL007337233-1-ed337.jpg,
BM9E2O1,"PHILIPS Greenline Smart LED Street Light, Voltage 240V, Wattage 25W - BRP020",2223.21,https://5.imimg.com/data5/CQ/VN/MY-9070403/greenline-smart-led-500x500.jpg,
BM9E2I5,"BULK MRO APPROVED LED Garden UP Lighter, Power 34W, Base Material Stainless Steel, Warrenty Two Years",7200,https://ae01.alicdn.com/kf/HTB1siDGLXXXXXXaaXXXq6xXFXXXp/100-warranty-304-stainless-steel-24V-18W-Underwater-LED-Light-RGB-Pool-Light-White-Swimming-Pool.jpg,
BM9S9C7,"BULK MRO APPROVED LED Garden Up Lighter, Power 24W, Base Material Stainless Steel, Warranty Two Years",6700,https://ae01.alicdn.com/kf/HTB1XmPPLXXXXXcjXFXXq6xXFXXXw/100-warranty-304-stainless-steel-24V-18W-Underwater-LED-Light-RGB-Pool-Light-White-Swimming-Pool.jpg,
BM9I6D4W,"NIKON ACULON, Magnification 16x, Objective Dia 50 mm - A211",7339,https://static.bhphoto.com/images/images500x500/1486412786000_910783.jpg,
BM1D1J5,GROZ Continuous Duty Electric Diesel Pump - CDP/220/EU,9738.18,http://www.groz-tools.com/Pix/CDP%20WITH%20MARKING.jpg,
BM9P6Y3,"5 HP MONOBLOCK PUMP,PIPE SIZE-80*65MM",18200,https://3.imimg.com/data3/FF/AX/MY-995618/5-hp-monoblock-pump-500x500.jpg,
BM9T2G7,"ASMIRA Syn Enamel Paint, Colour Red",228.81,https://5.imimg.com/data5/EB/MP/MY-282165/surfa-aqua-semi-gloss-enamel-paint-250x250.jpg,
BM9U4M5,"ASMIRA Syn Enamel Paint, Colour Orange",196.92,https://5.imimg.com/data5/EB/MP/MY-282165/surfa-aqua-semi-gloss-enamel-paint-250x250.jpg,
BM9U1B1,"ASMIRA Syn Enamel Paint, Colour Light Green",207.46,https://4.imimg.com/data4/MT/NA/MY-3697026/synthetic-enamel-paints-500x500.jpg,
BM9V9V1,"ASMIRA Syn Enamel Paint, Colour Dark Green",177.67,https://4.imimg.com/data4/MT/NA/MY-3697026/synthetic-enamel-paints-500x500.jpg,
BM9W9M3,"ASMIRA Epoxy Paint, Colour Grey",207.63,https://5.imimg.com/data5/SO/RR/MY-2076075/epoxy-paint-500x500.jpg,
BM9U9S8,"ASMIRA Aluminum Paint, Colour",224.9,https://5.imimg.com/data5/MU/MP/MY-282165/surfa-aluminium-paint-standard-dual-pack-250x250.jpg,
BM9U3J8,ASMIRA G.P Thinner,84.75,https://2.imimg.com/data2/XV/SX/MY-2929068/gp-thinner-250x250.jpg,
BM9V3V6,"ASMIRA Syn Enamel Paint, Colour Grey",201.27,https://2.imimg.com/data2/XV/SX/MY-2929068/gp-thinner-250x250.jpg,
BM9U9M6,"ASMIRA Syn Enamel Paint, Colour Black",177.67,https://5.imimg.com/data5/EB/MP/MY-282165/surfa-aqua-semi-gloss-enamel-paint-500x500.jpg,
BM9Y6A8,ms wire mesh 2mm hole 50 mm dia,428.26,https://5.imimg.com/data5/PO/HB/MY-3568766/coarse-wire-mesh-500x500.jpg,
BM9Z6G7,"WELDING ELECTRODE HOLDER,600A (Medium)",697.5,https://5.imimg.com/data5/OW/GV/MY-3568766/iron-wire-mesh-500x500.jpg,
BM9Q6P8,"WELDING CABLE, 32A, 25SQ.MM",123,https://img.tolexokit.com/media/catalog/product/e/l/electrode-holder-confort-600.jpg,
BM9Y5M1,"MS CHEQURED PLATE, 5MM THIK",66,https://5.imimg.com/data5/BJ/PR/MY-11562402/polycab-1-5-sq-x-2-core-copper-armoured-frls-28red-29-500x500.jpg,
BM9Z4L5,"MS ROD,12MM",64,https://5.imimg.com/data5/RY/UU/MY-2176208/ms-chequered-plate-500x500.jpg,
BM9R5P1,"MS ANGLE, 40 X 5MM",50,https://4.imimg.com/data4/PC/XI/MY-3744779/en-1a-round-bright-bar-500x500.jpg,
BM9V2W4,Flat 5mmx 25mm,55,https://i.ebayimg.com/images/g/SVwAAOxyd8NSbux3/s-l300.jpg,
BM9W9B9,MS ERW PIPE 50 MM dia and 2mm thk. Each 6 mtr,236,https://steeltubes.co.in/wp-content/uploads/2015/08/alloy-steel-pipes-tubes-astm-a335-manufacturer-india.jpg,
BM9P9U1,"BULK MRO APPROVED Light Glow Acrylic, Color Milky White, Thikness 3 mm",1225,,
BM9P3G1,"DELLTRON Platform Scale, Capacity 200 KG, Size 20 X 20\"" - DELLP-200K",3500,https://5.imimg.com/data5/WN/YB/MY-26615300/500x500-mm-platform-scale-500x500.jpg,
